<?xml version="1.0" encoding="UTF-8"?>
<!DOCTYPE mapper PUBLIC "-//mybatis.org//DTD Mapper 3.0//EN"
	"http://mybatis.org/dtd/mybatis-3-mapper.dtd">
<mapper namespace="yc.ac.kr.Mapper">

	<select id="loadbusiness" resultType="yc.ac.kr.BusinessVO">
		<![CDATA[
			select * from business;
		]]>
	</select>
	
	<select id="loaditem" resultType="yc.ac.kr.ItemVO">
		<![CDATA[
			select i_num, i_name, item.b_num as 'b_num', b_name, price, ea 
			from item, business where item.b_num = business.b_num;
		]]>
	</select>
	
	<insert id="addbusiness" parameterType="yc.ac.kr.BusinessVO">
		<![CDATA[
			insert into business(b_num,b_name,b_loc) values(#{b_num},#{b_name},#{b_loc});
		]]>	
	</insert>
	
	<insert id="addwarehouse" parameterType="yc.ac.kr.IcsVO">
		<![CDATA[
			insert into warehouse(i_num, i_count, l_date, ea) values(#{i_num},#{count}, now(), #{ea});
		]]>	
	</insert>
	
	<update id="updatewarehouse" parameterType="yc.ac.kr.IcsVO">
		<![CDATA[
			update warehouse set i_count = i_count + #{count}, l_date = now() where i_num = #{i_num};
		]]>
	</update>
	
	<insert id="addpayment" parameterType="yc.ac.kr.IcsVO">
		<![CDATA[
			insert into payment(b_num, i_num, d_date, p_allmoney, p_money) values(#{b_num},#{i_num},#{ddate}, (#{price} - #{sale})*#{count}, 0);
		]]>	
	</insert>
	
	<insert id="addbuyhistory" parameterType="yc.ac.kr.IcsVO">
		<![CDATA[
			insert into buyhistory(b_num,i_num,price, buy_count, buy_date, who) values(#{b_num},#{i_num},(#{price} - #{sale}), #{count}, now(), '이태양');
		]]>	
	</insert>
	
	<update id="subwarehouse" parameterType="yc.ac.kr.IcsVO">
		<![CDATA[
			update warehouse set i_count = i_count - #{count}, l_date = now() where i_num = #{i_num};
		]]>
	</update>
	
	<update id="updatepayment" parameterType="yc.ac.kr.PaymentVO">
		<![CDATA[
			update payment set p_money = p_money + #{p_money} where id = #{id};
		]]>
	</update>
	
	<insert id="addpayhistory" parameterType="yc.ac.kr.PaymentVO">
		<![CDATA[
			insert into payhistory(b_num, i_num, money, p_date, who, paymentid) 
			select b_num, i_num, #{p_money}, now(), '이태양', #{id} 
			from payment where id = #{id};
		]]>	
	</insert>
	
	<update id="updatecollect" parameterType="yc.ac.kr.PaymentVO">
		<![CDATA[
			update collect set c_money = c_money + #{p_money} where id = #{id};
		]]>
	</update>
	
	<insert id="addcolhistory" parameterType="yc.ac.kr.PaymentVO">
		<![CDATA[
			insert into colhistory(b_num, i_num, money, c_date, who, collectid) 
			select b_num, i_num, #{p_money}, now(), '이태양', #{id} 
			from collect where id = #{id};
		]]>	
	</insert>
	
	<insert id="addcollect" parameterType="yc.ac.kr.IcsVO">
		<![CDATA[
			insert into collect(b_num, i_num, d_date, c_allmoney, c_money) values(#{b_num}, #{i_num}, #{ddate}, #{price} * #{count}, 0);
		]]>	
	</insert>
	
	<insert id="addsellhistory" parameterType="yc.ac.kr.IcsVO">
		<![CDATA[
			insert into sellhistory(b_num,i_num,price, sell_count, sell_date, who) values(#{b_num},#{i_num},#{price}, #{count}, now(), '이태양');
		]]>	
	</insert>
	
	<select id="searchb_num" parameterType="String" resultType="yc.ac.kr.BusinessVO">
		<![CDATA[
			select * from business where b_num like concat('%', #{value}, '%');
		]]>	
	</select>
	
	<select id="searchb_name" parameterType="String" resultType="yc.ac.kr.BusinessVO">
		<![CDATA[
			select * from business where b_name like concat('%', #{value}, '%');
		]]>	
	</select>
	
	<select id="searchb_loc" parameterType="String" resultType="yc.ac.kr.BusinessVO">
		<![CDATA[
			select * from business where b_loc like concat('%', #{value}, '%');
		]]>	
	</select>
	
	<select id="loadwarehouse" resultType="yc.ac.kr.WarehouseVO">
		<![CDATA[
			select id, i.i_num as 'i_num', i_name, i_count as 'count', l_date, w.ea  
			from warehouse w inner join item i on w.i_num = i.i_num;
		]]>	
	</select>
	
	<select id="loadpayhistory" resultType="yc.ac.kr.PayhistoryVO">
		<![CDATA[
			select id, b_name, p.i_num, i_name, money, p_date, who 
			from payhistory p inner join business b on p.b_num = b.b_num inner join item i on p.i_num = i.i_num;
		]]>	
	</select>
	
	<select id="existcountfinish" resultType="Integer" parameterType="yc.ac.kr.IcsVO">
		<![CDATA[
			select count(*) from countfinish where fyear = year(curdate()) and fmonth = month(curdate()) and i_num = #{i_num};
		]]>	
	</select>
	
	<select id="existmoneyfinish" resultType="Integer" parameterType="yc.ac.kr.IcsVO">
		<![CDATA[
			select count(*) from moneyfinish where fyear = year(curdate()) and fmonth = month(curdate()) and b_num = #{b_num};
		]]>	
	</select>
	
	<select id="existmoneyfinish1" resultType="Integer" parameterType="yc.ac.kr.PaymentVO">
		<![CDATA[
			select count(*) from moneyfinish where fyear = year(curdate()) and fmonth = month(curdate()) and b_num like (select b_num from payment where id = #{id});
		]]>	
	</select>
	
	<select id="existmoneyfinish2" resultType="Integer" parameterType="yc.ac.kr.PaymentVO">
		<![CDATA[
			select count(*) from moneyfinish where fyear = year(curdate()) and fmonth = month(curdate()) and b_num like (select b_num from collect where id = #{id});
		]]>	
	</select>
	
	<select id="existwarehouse" resultType="Integer" parameterType="yc.ac.kr.IcsVO">
		<![CDATA[
			select count(*) from warehouse where i_num = #{i_num};
		]]>	
	</select>
	
	<insert id="addstorecountfinish" parameterType="yc.ac.kr.IcsVO">
		<![CDATA[
			insert into countfinish(fyear, fmonth, i_num, pre_count, u_count, s_count, n_count, flag) 
			values(year(curdate()), month(curdate()), #{i_num}, ifnull((select i_count from warehouse where i_num = #{i_num}), 0) , 0, #{count}, 
			ifnull((select i_count from warehouse where i_num = #{i_num}), 0) + #{count}, '미완료');
		]]>		
	</insert>
	
	<update id="updatestorecountfinish" parameterType="yc.ac.kr.IcsVO">
		<![CDATA[
			update countfinish set s_count = s_count + #{count}, n_count = n_count + #{count}
			where fyear = year(curdate()) and fmonth = month(curdate()) and i_num = #{i_num};
		]]>	
	</update>
	
	<insert id="addunstorecountfinish" parameterType="yc.ac.kr.IcsVO">
		<![CDATA[
			insert into countfinish(fyear, fmonth, i_num, pre_count, u_count, s_count, n_count, flag) 
			values(year(curdate()), month(curdate()), #{i_num}, ifnull((select i_count from warehouse where i_num = #{i_num}), 0) , #{count}, 0, 
			ifnull((select i_count from warehouse where i_num = #{i_num}), 0) + #{count}, '미완료');
		]]>		
	</insert>
	
	<update id="updateunstorecountfinish" parameterType="yc.ac.kr.IcsVO">
		<![CDATA[
			update countfinish set u_count = u_count + #{count}, n_count = n_count - #{count}
			where fyear = year(curdate()) and fmonth = month(curdate()) and i_num = #{i_num};
		]]>	
	</update>
	
	<insert id="addstoremoneyfinish" parameterType="yc.ac.kr.IcsVO">
		<![CDATA[
			insert into moneyfinish(fyear, fmonth, b_num, b_money, p_money, s_money, c_money, flag) 
			values(year(curdate()), month(curdate()), #{b_num}, (#{price} - #{sale}) * #{count} , 0, 0, 
			0, '미완료');
		]]>		
	</insert>
	
	<update id="updatestoremoneyfinish" parameterType="yc.ac.kr.IcsVO">
		<![CDATA[
			update moneyfinish set b_money = b_money + (#{price} - #{sale}) * #{count} 
			where fyear = year(curdate()) and fmonth = month(curdate()) and b_num = #{b_num};
		]]>	
	</update>
	
	<insert id="addunstoremoneyfinish" parameterType="yc.ac.kr.IcsVO">
		<![CDATA[
			insert into moneyfinish(fyear, fmonth, b_num, b_money, p_money, s_money, c_money, flag) 
			values(year(curdate()), month(curdate()), #{b_num}, 0, 0, (#{price} - #{sale}) * #{count}, 
			0, '미완료');
		]]>		
	</insert>
	
	<update id="updateunstoremoneyfinish" parameterType="yc.ac.kr.IcsVO">
		<![CDATA[
			update moneyfinish set s_money = s_money + (#{price} - #{sale}) * #{count} 
			where fyear = year(curdate()) and fmonth = month(curdate()) and b_num = #{b_num};
		]]>	
	</update>
	
	<insert id="addpmoneyfinish" parameterType="yc.ac.kr.PaymentVO">
		<![CDATA[
			insert into moneyfinish(fyear, fmonth, b_num, b_money, p_money, s_money, c_money, flag) 
			values(year(curdate()), month(curdate()), (select b_num from collect where id = #{id}), 0, #{p_money}, 0, 0, '미완료');
		]]>	
	</insert>
	
	<update id="updatepmoneyfinish" parameterType="yc.ac.kr.PaymentVO">
		<![CDATA[
			update moneyfinish set p_money = p_money + #{p_money} 
			where fyear = year(curdate()) and fmonth = month(curdate()) and b_num like (select b_num from payment where id = #{id});
		]]>	
	</update>
	
	<insert id="addcmoneyfinish" parameterType="yc.ac.kr.PaymentVO">
		<![CDATA[
			insert into moneyfinish(fyear, fmonth, b_num, b_money, p_money, s_money, c_money, flag) 
			values(year(curdate()), month(curdate()), (select b_num from collect where id = #{id}), 0, 0, 0, #{p_money}, '미완료');
		]]>	
	</insert>
	
	<update id="updatecmoneyfinish" parameterType="yc.ac.kr.PaymentVO">
		<![CDATA[
			update moneyfinish set c_money = c_money + #{p_money}  
			where fyear = year(curdate()) and fmonth = month(curdate()) and b_num like (select b_num from collect where id = #{id});
		]]>	
	</update>
	
	<update id="finish1" parameterType="yc.ac.kr.DateVO">
		<![CDATA[
			update countfinish set flag = '완료' where fyear = #{from} and fmonth = #{to};
		]]>	
	</update>
	
	<update id="finish2" parameterType="yc.ac.kr.DateVO">
		<![CDATA[
			update moneyfinish set flag = '완료' where fyear = #{from} and fmonth = #{to};
		]]>	
	</update>
	
	<update id="unfinish1" parameterType="yc.ac.kr.DateVO">
		<![CDATA[
			update countfinish set flag = '미완료' where fyear = #{from} and fmonth = #{to};
		]]>	
	</update>
	
	<update id="unfinish2" parameterType="yc.ac.kr.DateVO">
		<![CDATA[
			update moneyfinish set flag = '미완료' where fyear = #{from} and fmonth = #{to};
		]]>	
	</update>
	
	<select id="loadcolhistory" resultType="yc.ac.kr.PayhistoryVO">
		<![CDATA[
			select id, b_name, c.i_num, i_name, money, c_date as 'p_date', who 
			from colhistory c inner join business b on c.b_num = b.b_num inner join item i on c.i_num = i.i_num;
		]]>	
	</select>
	
	<select id="loadcountfinish" resultType="yc.ac.kr.CountfinishVO">
		<![CDATA[
			select fyear, fmonth, c.i_num, i_name, pre_count, u_count, s_count, n_count, flag 
			from countfinish c inner join item i on c.i_num = i.i_num;
		]]>	
	</select>
	
	<select id="loadmoneyfinish" resultType="yc.ac.kr.MoneyfinishVO">
		<![CDATA[
			select fyear, fmonth, m.b_num, b_name, b_money, p_money, s_money, c_money, flag 
			from moneyfinish m inner join business b on m.b_num = b.b_num;
		]]>	
	</select>
	
	<delete id="deletebusiness" parameterType="String">
		<![CDATA[
			delete from business where b_num = #{parameter};
		]]>
	</delete>
	
	<insert id="additem" parameterType="yc.ac.kr.ItemVO">
		<![CDATA[
			insert into item(i_num, i_name, b_num, price, ea) values(#{i_num},#{i_name},#{b_num},#{price},#{ea});
		]]>	
	</insert>
	
	<delete id="deleteitem" parameterType="String">
		<![CDATA[
			delete from item where i_num = #{parameter};
		]]>
	</delete>
	
	<select id="searchi_num" parameterType="String" resultType="yc.ac.kr.ItemVO">
		<![CDATA[
			select i_num, i_name, item.b_num as 'b_num', b_name, price, ea 
			from item, business where item.b_num = business.b_num and i_num like concat('%', #{parameter}, '%');
		]]>	
	</select>
	
	<select id="searchi_name" parameterType="String" resultType="yc.ac.kr.ItemVO">
		<![CDATA[
			select i_num, i_name, item.b_num as 'b_num', b_name, price, ea 
			from item, business where item.b_num = business.b_num and i_name like concat('%', #{parameter}, '%')
		]]>	
	</select>
	
	<select id="searchib_num" parameterType="String" resultType="yc.ac.kr.ItemVO">
		<![CDATA[
			select i_num, i_name, item.b_num as 'b_num', b_name, price, ea 
			from item, business where item.b_num = business.b_num and b_num like concat('%', #{parameter}, '%')
		]]>	
	</select>
	
	<select id="searchib_name" parameterType="String" resultType="yc.ac.kr.ItemVO">
		<![CDATA[
			select i_num, i_name, item.b_num as 'b_num', b_name, price, ea 
			from item, business where item.b_num = business.b_num and b_name like concat('%', #{parameter}, '%')
		]]>	
	</select>
	
	<select id="searchwi_num" parameterType="String" resultType="yc.ac.kr.WarehouseVO">
		<![CDATA[
			select id, i.i_num as 'i_num', i_name, i_count as 'count', l_date, w.ea 
			from warehouse w inner join item i on w.i_num = i.i_num where i.i_num like concat('%', #{parameter}, '%');
		]]>	
	</select>
	
	<select id="searchwi_name" parameterType="String" resultType="yc.ac.kr.WarehouseVO">
		<![CDATA[
			select id, i.i_num as 'i_num', i_name, i_count as 'count', l_date, w.ea 
			from warehouse w inner join item i on w.i_num = i.i_num where i.i_name like concat('%', #{parameter}, '%');
		]]>	
	</select>
	
	<select id="searchwdate" parameterType="yc.ac.kr.DateVO" resultType="yc.ac.kr.WarehouseVO">
		<![CDATA[
			select id, i.i_num as 'i_num', i_name, i_count as 'count', l_date, w.ea 
			from warehouse w inner join item i on w.i_num = i.i_num 
			where replace(substring_index(l_date,' ',1), '-', '') between #{from} and #{to};
		]]>	
	</select>
	
	<select id="loadbuyhistory" resultType="yc.ac.kr.BuyhistoryVO">
		<![CDATA[
			select id, i.i_num as 'i_num', i_name, b_name, buy_count as 'count', bh.price, buy_date as 'b_date', who 
			from buyhistory bh inner join business b on bh.b_num = b.b_num inner join item i on bh.i_num = i.i_num;
		]]>	
	</select>
	
	<select id="loadsellhistory" resultType="yc.ac.kr.BuyhistoryVO">
		<![CDATA[
			select id, i.i_num as 'i_num', i_name, b_name, sell_count as 'count', sh.price, sell_date as 'b_date', who 
			from sellhistory sh inner join business b on sh.b_num = b.b_num inner join item i on sh.i_num = i.i_num;
		]]>	
	</select>
	
	<select id="loadpayment" resultType="yc.ac.kr.PaymentVO">
		<![CDATA[
			select id, b_name, i.i_num as 'i_num', i_name, p_allmoney, p_money, d_date 
			from payment p inner join business b on p.b_num = b.b_num inner join item i on p.i_num = i.i_num;
		]]>	
	</select>
	
	<select id="loadcollect" resultType="yc.ac.kr.PaymentVO">
		<![CDATA[
			select id, b_name, i.i_num as 'i_num', i_name, c_allmoney as 'p_allmoney', c_money as 'p_money', d_date 
			from collect c inner join business b on c.b_num = b.b_num inner join item i on c.i_num = i.i_num;
		]]>	
	</select>
	
	<select id="searchbhi_num" parameterType="String" resultType="yc.ac.kr.BuyhistoryVO">
		<![CDATA[
			select id, i.i_num as 'i_num', i_name, b_name, buy_count as 'count', bh.price, buy_date as 'b_date', who 
			from buyhistory bh inner join business b on bh.b_num = b.b_num inner join item i on bh.i_num = i.i_num where i.i_num like concat('%', #{parameter}, '%');
		]]>	
	</select>
	
	<select id="searchbhi_name" parameterType="String" resultType="yc.ac.kr.BuyhistoryVO">
		<![CDATA[
			select id, i.i_num as 'i_num', i_name, b_name, buy_count as 'count', bh.price, buy_date as 'b_date', who 
			from buyhistory bh inner join business b on bh.b_num = b.b_num inner join item i on bh.i_num = i.i_num where i_name like concat('%', #{parameter}, '%');
		]]>	
	</select>
	
	<select id="searchbhb_name" parameterType="String" resultType="yc.ac.kr.BuyhistoryVO">
		<![CDATA[
			select id, i.i_num as 'i_num', i_name, b_name, buy_count as 'count', bh.price, buy_date as 'b_date', who 
			from buyhistory bh inner join business b on bh.b_num = b.b_num inner join item i on bh.i_num = i.i_num where b_name like concat('%', #{parameter}, '%');
		]]>	
	</select>
	
	<select id="searchbhdate" parameterType="yc.ac.kr.DateVO" resultType="yc.ac.kr.BuyhistoryVO">
		<![CDATA[
			select id, i.i_num as 'i_num', i_name, b_name, buy_count as 'count', bh.price, buy_date as 'b_date', who 
			from buyhistory bh inner join business b on bh.b_num = b.b_num inner join item i on bh.i_num = i.i_num 
			where replace(substring_index(buy_date,' ',1), '-', '') between #{from} and #{to};;
		]]>	
	</select>
	
	<select id="searchbhwho" parameterType="yc.ac.kr.DateVO" resultType="yc.ac.kr.BuyhistoryVO">
		<![CDATA[
			select id, i.i_num as 'i_num', i_name, b_name, buy_count as 'count', bh.price, buy_date as 'b_date', who 
			from buyhistory bh inner join business b on bh.b_num = b.b_num inner join item i on bh.i_num = i.i_num where who like concat('%', #{parameter}, '%');
		]]>	
	</select>
	
	<select id="searchshi_num" parameterType="String" resultType="yc.ac.kr.BuyhistoryVO">
		<![CDATA[
			select id, i.i_num as 'i_num', i_name, b_name, sell_count as 'count', sh.price, sell_date as 'b_date', who 
			from sellhistory sh inner join business b on sh.b_num = b.b_num inner join item i on sh.i_num = i.i_num where i.i_num like concat('%', #{parameter}, '%');
		]]>	
	</select>
	
	<select id="searchshi_name" parameterType="String" resultType="yc.ac.kr.BuyhistoryVO">
		<![CDATA[
			select id, i.i_num as 'i_num', i_name, b_name, sell_count as 'count', sh.price, sell_date as 'b_date', who 
			from sellhistory sh inner join business b on sh.b_num = b.b_num inner join item i on sh.i_num = i.i_num where i_name like concat('%', #{parameter}, '%');
		]]>	
	</select>
	
	<select id="searchshb_name" parameterType="String" resultType="yc.ac.kr.BuyhistoryVO">
		<![CDATA[
			select id, i.i_num as 'i_num', i_name, b_name, sell_count as 'count', sh.price, sell_date as 'b_date', who 
			from sellhistory sh inner join business b on sh.b_num = b.b_num inner join item i on sh.i_num = i.i_num where b_name like concat('%', #{parameter}, '%');
		]]>	
	</select>
	
	<select id="searchshdate" parameterType="yc.ac.kr.DateVO" resultType="yc.ac.kr.BuyhistoryVO">
		<![CDATA[
			select id, i.i_num as 'i_num', i_name, b_name, sell_count as 'count', sh.price, sell_date as 'b_date', who 
			from sellhistory sh inner join business b on sh.b_num = b.b_num inner join item i on sh.i_num = i.i_num 
			where replace(substring_index(sell_date,' ',1), '-', '') between #{from} and #{to};;
		]]>	
	</select>
	
	<select id="searchshwho" parameterType="yc.ac.kr.DateVO" resultType="yc.ac.kr.BuyhistoryVO">
		<![CDATA[
			select id, i.i_num as 'i_num', i_name, b_name, sell_count as 'count', sh.price, sell_date as 'b_date', who 
			from sellhistory sh inner join business b on sh.b_num = b.b_num inner join item i on sh.i_num = i.i_num where who like concat('%', #{parameter}, '%');
		]]>	
	</select>
	
	<select id="loadunstorepopup" resultType="yc.ac.kr.UitemVO">
		<![CDATA[
			select w.i_num, i_name, price, i_count as 'count', w.ea from warehouse w, item i where i.i_num = w.i_num;
		]]>	
	</select>
	
	<select id="checkbuyhistory" resultType="Integer" parameterType = "yc.ac.kr.BuyhistoryVO">
		<![CDATA[
			select p_money from payment where id = #{id};
		]]>
	</select>
	
	<select id="checksellhistory" resultType="Integer" parameterType = "yc.ac.kr.BuyhistoryVO">
		<![CDATA[
			select c_money from collect where id = #{id};
		]]>
	</select>
	
	<update id="revisebuyhistory" parameterType="yc.ac.kr.BuyhistoryVO">
		<![CDATA[
			update buyhistory set buy_count = #{count} where id = #{id};
		]]>
	</update>
	
	<update id="revisepayment" parameterType="yc.ac.kr.BuyhistoryVO">
		<![CDATA[
			update payment set p_allmoney = p_allmoney / (select buy_count from buyhistory where id = #{id}) * #{count} where id = #{id};
		]]>
	</update>
	
	<update id="revisewarehouse" parameterType="yc.ac.kr.BuyhistoryVO">
		<![CDATA[
			update warehouse set i_count = i_count - (select buy_count from
			 buyhistory where id = #{id}) + #{count} where i_num = #{i_num};
		]]>
	</update>
	
	<update id="revisestorecountfinish" parameterType="yc.ac.kr.BuyhistoryVO">
		<![CDATA[
			update countfinish set s_count = (s_count - (select buy_count from 
			buyhistory where id = #{id}) + #{count}), n_count = (n_count - (select buy_count from 
			buyhistory where id = #{id}) + #{count}) where fyear like substring_index(#{b_date},'/',1) and fmonth like substring_index(#{b_date},'/',-1) 
			and i_num = #{i_num};
		]]>
	</update>
	
	<update id="revisestoreprecountfinish" parameterType="yc.ac.kr.BuyhistoryVO">
		<![CDATA[
			update countfinish set pre_count = (pre_count - (select buy_count from 
			buyhistory where id = #{id}) + #{count}), n_count = (n_count - (select buy_count from 
			buyhistory where id = #{id}) + #{count}) 
			where (fyear like substring_index(#{b_date},'/',1) and cast(fmonth as unsigned) > cast(substring_index(#{b_date},'/',-1) as unsigned) 
			and i_num = #{i_num}) or (cast(fyear as unsigned) > cast(substring_index(#{b_date},'/',1) as unsigned) and i_num = #{i_num});
		]]>
	</update>
	
	<update id="revisestoremoneyfinish" parameterType="yc.ac.kr.BuyhistoryVO">
		<![CDATA[
			update moneyfinish set b_money = b_money - (select (buy_count * price) from buyhistory where id = #{id}) + (select price from buyhistory 
			where id = #{id}) * #{count} where b_num like (select b_num from buyhistory where id = #{id}) and fyear like substring_index(#{b_date},'/',1) 
			and fmonth like substring_index(#{b_date},'/',-1);
		]]>
	</update>
	
	<update id="canclestorecountfinish" parameterType="yc.ac.kr.BuyhistoryVO">
		<![CDATA[
			update countfinish set s_count = (s_count - (select buy_count from buyhistory where id = #{id})), 
			n_count = (n_count - (select buy_count from buyhistory where id = #{id})) where fyear like substring_index(#{b_date},'/',1) and fmonth 
			like substring_index(#{b_date},'/',-1) and i_num = #{i_num};
		]]>
	</update>
	
	<update id="canclestoreprecountfinish" parameterType="yc.ac.kr.BuyhistoryVO">
		<![CDATA[
			update countfinish set pre_count = (pre_count - (select buy_count from 
			buyhistory where id = #{id})), n_count = (n_count - (select buy_count from 
			buyhistory where id = #{id})) 
			where (fyear like substring_index(#{b_date},'/',1) and cast(fmonth as unsigned) > cast(substring_index(#{b_date},'/',-1) as unsigned) 
			and i_num = #{i_num}) or (cast(fyear as unsigned) > cast(substring_index(#{b_date},'/',1) as unsigned) and i_num = #{i_num});
		]]>
	</update>
	
	<update id="canclestoremoneyfinish" parameterType="yc.ac.kr.BuyhistoryVO">
		<![CDATA[
			update moneyfinish set b_money = b_money - (select (buy_count * price) from buyhistory where id = #{id}) 
			where b_num like (select b_num from buyhistory where id = #{id}) and fyear like substring_index(#{b_date},'/',1) and fmonth like substring_index(#{b_date},'/',-1);
		]]>
	</update>
	
	<select id="checkpayhistory" resultType="yc.ac.kr.PayhistoryVO" parameterType = "yc.ac.kr.BuyhistoryVO">
		<![CDATA[
			select concat(substring(p.p_date, 1, 4), '-', cast(substring(p.p_date, 6, 2) as unsigned)) as 'p_date', b_num as 'b_name', sum(money) as 'money' 
			from payhistory p 
			where paymentid = #{id} 
			group by concat(substring(p.p_date, 1, 4), '-', cast(substring(p.p_date, 6, 2) as unsigned));
		]]>
	</select>
	
	<select id="checkcolhistory" resultType="yc.ac.kr.PayhistoryVO" parameterType = "yc.ac.kr.BuyhistoryVO">
		<![CDATA[
			select concat(substring(c.c_date, 1, 4), '-', cast(substring(c.c_date, 6, 2) as unsigned)) as 'p_date', b_num as 'b_name', sum(money) as 'money' 
			from colhistory c 
			where collectid = #{id} 
			group by concat(substring(c.c_date, 1, 4), '-', cast(substring(c.c_date, 6, 2) as unsigned));
		]]>
	</select>
	
	<update id="canclestorep_moneyfinish" parameterType="yc.ac.kr.PayhistoryVO">
		<![CDATA[
			update moneyfinish set p_money = p_money - #{money} 
			where b_num like #{b_name} and fyear like substring_index(#{p_date},'-',1) and fmonth like substring_index(#{p_date},'-',-1);
		]]>
	</update>
	
	<update id="cancleunstorec_moneyfinish" parameterType="yc.ac.kr.PayhistoryVO">
		<![CDATA[
			update moneyfinish set c_money = c_money - #{money} 
			where b_num like #{b_name} and fyear like substring_index(#{p_date},'-',1) and fmonth like substring_index(#{p_date},'-',-1);
		]]>
	</update>
	
	<update id="reviseunstorecountfinish" parameterType="yc.ac.kr.BuyhistoryVO">
		<![CDATA[
			update countfinish set u_count = (u_count - (select sell_count from 
			sellhistory where id = #{id}) + #{count}), n_count = (n_count + (select sell_count from 
			sellhistory where id = #{id}) - #{count}) where fyear like substring_index(#{b_date},'/',1) and fmonth like substring_index(#{b_date},'/',-1) 
			and i_num = #{i_num};
		]]>
	</update>
	
	<update id="reviseunstoreprecountfinish" parameterType="yc.ac.kr.BuyhistoryVO">
		<![CDATA[
			update countfinish set pre_count = (pre_count - (select sell_count from 
			sellhistory where id = #{id}) + #{count}), n_count = (n_count - (select sell_count from 
			sellhistory where id = #{id}) + #{count}) 
			where (fyear like substring_index(#{b_date},'/',1) and cast(fmonth as unsigned) > cast(substring_index(#{b_date},'/',-1) as unsigned) 
			and i_num = #{i_num}) or (cast(fyear as unsigned) > cast(substring_index(#{b_date},'/',1) as unsigned) and i_num = #{i_num});
		]]>
	</update>
	
	<update id="reviseunstoremoneyfinish" parameterType="yc.ac.kr.BuyhistoryVO">
		<![CDATA[
			update moneyfinish set s_money = s_money - (select (sell_count * price) from sellhistory where id = #{id}) + (select price from sellhistory 
			where id = #{id}) * #{count} where b_num like (select b_num from sellhistory where id = #{id}) and fyear like substring_index(#{b_date},'/',1) 
			and fmonth like substring_index(#{b_date},'/',-1);
		]]>
	</update>
	
	<update id="cancleunstorecountfinish" parameterType="yc.ac.kr.BuyhistoryVO">
		<![CDATA[
			update countfinish set u_count = (u_count - (select sell_count from sellhistory where id = #{id})), 
			n_count = (n_count + (select sell_count from sellhistory where id = #{id})) where fyear like substring_index(#{b_date},'/',1) and fmonth 
			like substring_index(#{b_date},'/',-1) and i_num = #{i_num};
		]]>
	</update>
	
	<update id="cancleunstoreprecountfinish" parameterType="yc.ac.kr.BuyhistoryVO">
		<![CDATA[
			update countfinish set pre_count = (pre_count - (select sell_count from 
			sellhistory where id = #{id})), n_count = (n_count - (select sell_count from 
			sellhistory where id = #{id})) 
			where (fyear like substring_index(#{b_date},'/',1) and cast(fmonth as unsigned) > cast(substring_index(#{b_date},'/',-1) as unsigned) 
			and i_num = #{i_num}) or (cast(fyear as unsigned) > cast(substring_index(#{b_date},'/',1) as unsigned) and i_num = #{i_num});
		]]>
	</update>
	
	<update id="cancleunstoremoneyfinish" parameterType="yc.ac.kr.BuyhistoryVO">
		<![CDATA[
			update moneyfinish set s_money = s_money - (select (sell_count * price) from sellhistory where id = #{id}) 
			where b_num like (select b_num from sellhistory where id = #{id}) and fyear like substring_index(#{b_date},'/',1) and fmonth like substring_index(#{b_date},'/',-1);
		]]>
	</update>
	
	<update id="canclewarehouse" parameterType="yc.ac.kr.BuyhistoryVO">
		<![CDATA[
			update warehouse set i_count = i_count - #{count} where i_num = #{i_num};
		]]>
	</update>
	
	<delete id="canclepayment" parameterType="yc.ac.kr.BuyhistoryVO">
		<![CDATA[
			delete from payment where id = #{id};
		]]>
	</delete>
	
	<delete id="canclebuyhistory" parameterType="yc.ac.kr.BuyhistoryVO">
		<![CDATA[
			delete from buyhistory where id = #{id};
		]]>
	</delete>
	
	<delete id="canclepayhistory" parameterType="yc.ac.kr.BuyhistoryVO">
		<![CDATA[
			delete from payhistory where paymentid = #{id};
		]]>
	</delete>
	
	<update id="revisesellhistory" parameterType="yc.ac.kr.BuyhistoryVO">
		<![CDATA[
			update sellhistory set sell_count = #{count} where id = #{id};
		]]>
	</update>
	
	<update id="revisecollect" parameterType="yc.ac.kr.BuyhistoryVO">
		<![CDATA[
			update collect set c_allmoney = c_allmoney / (select sell_count from sellhistory where id = #{id}) * #{count} where id = #{id};
		]]>
	</update>
	
	<update id="revisewarehouse2" parameterType="yc.ac.kr.BuyhistoryVO">
		<![CDATA[
			update warehouse set i_count = i_count + (select sell_count from
			 sellhistory where id = #{id}) - #{count} where i_num = #{i_num};
		]]>
	</update>
	
	<update id="canclewarehouse2" parameterType="yc.ac.kr.BuyhistoryVO">
		<![CDATA[
			update warehouse set i_count = i_count + #{count} where i_num = #{i_num};
		]]>
	</update>
	
	<delete id="canclecollect" parameterType="yc.ac.kr.BuyhistoryVO">
		<![CDATA[
			delete from collect where id = #{id};
		]]>
	</delete>
	
	<delete id="canclesellhistory" parameterType="yc.ac.kr.BuyhistoryVO">
		<![CDATA[
			delete from sellhistory where id = #{id};
		]]>
	</delete>
	
	<delete id="canclecolhistory" parameterType="yc.ac.kr.BuyhistoryVO">
		<![CDATA[
			delete from colhistory where collectid = #{id};
		]]>
	</delete>
	
	<select id="checkfinish" resultType="String" parameterType = "yc.ac.kr.DateVO">
		<![CDATA[
			select distinct flag from countfinish where fyear=#{from} and fmonth=#{to};
		]]>
	</select>
	
	<select id="checksellwarehouse" resultType="Integer" parameterType = "HashMap">
		<![CDATA[
			select i_count from warehouse where i_num = #{i_num};
		]]>
	</select>
	
	<update id="canclephpayment" parameterType = "yc.ac.kr.PayhistoryVO">
		<![CDATA[
			update payment set p_money = p_money - #{money} where id = (select paymentid from payhistory where id = #{id});
		]]>
	</update>
	
	<update id="canclephmoneyfinish" parameterType = "yc.ac.kr.PayhistoryVO">
		<![CDATA[
			update moneyfinish set p_money = p_money - #{money} 
			where fyear = substring_index(#{p_date},'/',1) and fmonth = substring_index(#{p_date},'/',-1) and 
			b_num like (select b_num from payhistory where id = #{id});
		]]>
	</update>
	
	<delete id="canclephpayhistory" parameterType="yc.ac.kr.PayhistoryVO">
		<![CDATA[
			delete from payhistory where id = #{id};
		]]>
	</delete>
	
	<update id="canclechcollect" parameterType = "yc.ac.kr.PayhistoryVO">
		<![CDATA[
			update collect set c_money = c_money - #{money} where id = (select collectid from colhistory where id = #{id});
		]]>
	</update>
	
	<update id="canclechmoneyfinish" parameterType = "yc.ac.kr.PayhistoryVO">
		<![CDATA[
			update moneyfinish set c_money = c_money - #{money} 
			where fyear = substring_index(#{p_date},'/',1) and fmonth = substring_index(#{p_date},'/',-1) and 
			b_num like (select b_num from colhistory where id = #{id});
		]]>
	</update>
	
	<delete id="canclechcolhistory" parameterType="yc.ac.kr.PayhistoryVO">
		<![CDATA[
			delete from colhistory where id = #{id};
		]]>
	</delete>
</mapper>
