﻿{
    "version" : "17.0.0.1",
    "runtime" :
    {
        "target" :
        {
            "os" : "windows"
        },
        "framework" :
        [    
        "./nexacro17lib/framework/SystemBase.js",
        "./nexacro17lib/framework/SystemBase_HTML5.js",
        "./nexacro17lib/framework/SystemBase_Runtime.js",
        "./nexacro17lib/framework/BasicObjs.js",
        "./nexacro17lib/framework/ErrorDefine.js",
        "./nexacro17lib/framework/Platform_HTML5.js",
        "./nexacro17lib/framework/Platform_Runtime.js",
        "./nexacro17lib/framework/Platform.js",
        "./nexacro17lib/framework/CssObjs.js",
        "./nexacro17lib/framework/Device.js",
        "./nexacro17lib/framework/Device_Android.js",
        "./nexacro17lib/framework/Device_Windows.js",
        "./nexacro17lib/framework/Device_iOS.js"
        ],
        "component" :
        [    
        "./nexacro17lib/component/CompBase/Element_HTML5.js",
        "./nexacro17lib/component/CompBase/Element_Runtime.js",
        "./nexacro17lib/component/CompBase/CompBase.js",
        "./nexacro17lib/component/CompBase/CompEventBase.js",
        "./nexacro17lib/component/CompBase/Data.js",
        "./nexacro17lib/component/CompBase/EditBase.js",
        "./nexacro17lib/component/CompBase/FormBase.js",
        "./nexacro17lib/component/CompBase/TitleBar.js",
        "./nexacro17lib/component/CompBase/StatusBar.js",
        "./nexacro17lib/component/CompBase/FrameBase.js",
        "./nexacro17lib/component/CompBase/ScrollBar.js",
        "./nexacro17lib/component/CompBase/Step.js",
        "./nexacro17lib/component/CompBase/Animation.js",
        "./nexacro17lib/component/ComComp/Dataset.js",
        "./nexacro17lib/component/ComComp/DomObject.js",
        "./nexacro17lib/component/ComComp/Static.js",
        "./nexacro17lib/component/ComComp/Button.js",
        "./nexacro17lib/component/ComComp/Edit.js",
        "./nexacro17lib/component/ComComp/MaskEdit.js",
        "./nexacro17lib/component/ComComp/TextArea.js",
        "./nexacro17lib/component/ComComp/ImageViewer.js",
        "./nexacro17lib/component/ComComp/CheckBox.js",
        "./nexacro17lib/component/ComComp/Radio.js",
        "./nexacro17lib/component/ComComp/ListBox.js",
        "./nexacro17lib/component/ComComp/Combo.js",
        "./nexacro17lib/component/ComComp/Div.js",
        "./nexacro17lib/component/ComComp/ProgressBar.js",
        "./nexacro17lib/component/ComComp/PopupDiv.js",
        "./nexacro17lib/component/ComComp/Menu.js",
        "./nexacro17lib/component/ComComp/PopupMenu.js",
        "./nexacro17lib/component/ComComp/Spin.js",
        "./nexacro17lib/component/ComComp/DatePicker.js",
        "./nexacro17lib/component/ComComp/Calendar.js",
        "./nexacro17lib/component/ComComp/GroupBox.js",
        "./nexacro17lib/component/ComComp/Tab.js",
        "./nexacro17lib/component/ComComp/FileDownload.js",
        "./nexacro17lib/component/ComComp/FileUpload.js",
        "./nexacro17lib/component/ComComp/VideoPlayer.js",
        "./nexacro17lib/component/ComComp/WebBrowser.js",
        "./nexacro17lib/component/ComComp/GoogleMap.js",
        "./nexacro17lib/component/ComComp/Sketch.js",
        "./nexacro17lib/component/ComComp/ExportObject.js",
        "./nexacro17lib/component/ComComp/ImportObject.js",
        "./nexacro17lib/component/ComComp/Tray.js",
        "./nexacro17lib/component/ComComp/Plugin.js",
        "./nexacro17lib/component/ComComp/VirtualFile.js",
        "./nexacro17lib/component/ComComp/Cell.js",
        "./nexacro17lib/component/Grid/GridInfo.js",
        "./nexacro17lib/component/Grid/Grid.js",
        "./nexacro17lib/component/DeviceAPI/SQLite.js",
        "./nexacro17lib/component/DeviceAPI/SQLite_Runtime.js",
        "./nexacro17lib/component/DeviceAPI/DeviceObjs.js",
        "./nexacro17lib/component/DeviceAPI/DeviceObjs_Runtime.js",
        "./nexacro17lib/component/DeviceAPI/Mobile.js",
        "./nexacro17lib/component/DeviceAPI/BluetoothLE.js",
        "./nexacro17lib/component/DeviceAPI/TCPClientSocket.js"
        ],
        "environment" :
        [    
        {
        "file":"./environment.xml.js"
        }
        ],
        "screen" :
        [    
        {"id":"Desktop_screen","type":"desktop","themeid":"theme::default"}
        ],
        "xadl" :
        [
        {
        	"screenid":"Desktop_screen",
        	"launch":"./App_Desktop.xadl.js",
        	"quickview":"./App_Desktop.xadl.quickview.js",
        	"form":[
        				"./FrameBase/Form_Top.xfdl.js",
        		"./FrameBase/Form_Left.xfdl.js",
        		"./FrameBase/Form_Work.xfdl.js"
        	]
        }
        ],  
        "protocol" :
        {
            "adaptors" :
            []
        },
        "resource" :
        {

        },
		"deploy" :
        {

        },
        "userfont" :
        [

        ]
    }
}
