﻿{
	"name": "DeviceAPI",
	"version": "17.0.0.800",
	"description": "nexacro platform 17 Unified Framework Library",
	"license": "",
  "scripts": [
    "DeviceAPI/SQLite.js",
    "DeviceAPI/SQLite_Runtime.js",
    "DeviceAPI/DeviceObjs.js",
    "DeviceAPI/DeviceObjs_Runtime.js",
    "DeviceAPI/Mobile.js",
	"DeviceAPI/BluetoothLE.js",
    "DeviceAPI/TCPClientSocket.js"
  ],
	"designscripts": [
        "DeviceAPI/Design/DesignSQLite.js"
	],
  "objInfo": [
    "DeviceAPI/metainfo/Acceleration.info",
    "DeviceAPI/metainfo/AudioPlayer.info",
    "DeviceAPI/metainfo/AudioRecorder.info",
    "DeviceAPI/metainfo/Camera.info",
    "DeviceAPI/metainfo/Contact.info",
    "DeviceAPI/metainfo/ContactAddress.info",
    "DeviceAPI/metainfo/ContactField.info",
    "DeviceAPI/metainfo/ContactOrganization.info",
    "DeviceAPI/metainfo/ContactPhoto.info",
    "DeviceAPI/metainfo/ContactSet.info",
    "DeviceAPI/metainfo/ExternalAPI.info",
    "DeviceAPI/metainfo/FileDialog.info",
    "DeviceAPI/metainfo/Geolocation.info",
    "DeviceAPI/metainfo/ImagePicker.info",
    "DeviceAPI/metainfo/LiteDBConnection.info",
    "DeviceAPI/metainfo/LiteDBStatement.info",
    "DeviceAPI/metainfo/Network.info",
    "DeviceAPI/metainfo/Sms.info",
    "DeviceAPI/metainfo/Phone.info",
    "DeviceAPI/metainfo/Vibrator.info",
    "DeviceAPI/metainfo/AccelerationErrorEventInfo.info",
    "DeviceAPI/metainfo/AccelerationEventInfo.info",
    "DeviceAPI/metainfo/AudioErrorEventInfo.info",
    "DeviceAPI/metainfo/AudioEventInfo.info",
    "DeviceAPI/metainfo/CameraErrorEventInfo.info",
    "DeviceAPI/metainfo/CameraEventInfo.info",
    "DeviceAPI/metainfo/ContactSetErrorEventInfo.info",
    "DeviceAPI/metainfo/ContactSetEventInfo.info",
    "DeviceAPI/metainfo/ExternalAPIErrorEventInfo.info",
    "DeviceAPI/metainfo/ExternalAPIEventInfo.info",
    "DeviceAPI/metainfo/FileDialogEventInfo.info",
    "DeviceAPI/metainfo/GeolocationErrorEventInfo.info",
    "DeviceAPI/metainfo/GeolocationEventInfo.info",
    "DeviceAPI/metainfo/ImagePickerErrorEventInfo.info",
    "DeviceAPI/metainfo/ImagePickerEventInfo.info",
    "DeviceAPI/metainfo/LiteDBErrorEventInfo.info",
    "DeviceAPI/metainfo/LiteDBEventInfo.info",
    "DeviceAPI/metainfo/NetworkErrorEventInfo.info",
    "DeviceAPI/metainfo/NetworkEventInfo.info",
    "DeviceAPI/metainfo/SmsErrorEventInfo.info",
    "DeviceAPI/metainfo/SmsEventInfo.info",
    "DeviceAPI/metainfo/SmsMessagListEventInfo.info",
    "DeviceAPI/metainfo/SmsMessage.info",
    "DeviceAPI/metainfo/VibratorErrorEventInfo.info",
    "DeviceAPI/metainfo/VibratorEventInfo.info",
    "DeviceAPI/metainfo/SocketErrorEventInfo.info",
    "DeviceAPI/metainfo/SocketReceiveEventInfo.info",
    "DeviceAPI/metainfo/SocketEventInfo.info",
    "DeviceAPI/metainfo/TCPClientSocket.info",
    "DeviceAPI/metainfo/BluetoothLE.info",
    "DeviceAPI/metainfo/BluetoothLEEventInfo.info",
    "DeviceAPI/metainfo/BluetoothLEScanDeviceEventInfo.info",
    "DeviceAPI/metainfo/BluetoothLEErrorEventInfo.info"
  ]
}

